상품명,가격,판매처,링크
QSENN QSENN 큐센 민트V1 축 5핀 리니어 기계식 키보드 스위치,90,다나와 가격비교,https://prod.danawa.com/bridge/go_link_goods.php?cate_c1=58751&cate_c2=58760&cate_c3=0&cate_c4=0&cmpny_c=TV4114&link_prod_c=11859324312&keyword=%EA%B8%B0%EA%B3%84%EC%8B%9D+%ED%82%A4%EB%B3%B4%EB%93%9C&r=17726388399452
QSENN QSENN 큐센 퍼플V1 축 5핀 택타일 기계식 키보드 스위치,90,다나와 가격비교,https://prod.danawa.com/bridge/go_link_goods.php?cate_c1=58751&cate_c2=58760&cate_c3=0&cate_c4=0&cmpny_c=TV4114&link_prod_c=11859327587&keyword=%EA%B8%B0%EA%B3%84%EC%8B%9D+%ED%82%A4%EB%B3%B4%EB%93%9C&r=17726388395919
엠투알컴퍼니 / 엠투알컴퍼니 키보드 리무버 키캡 분리 기계식 키보드 캡 제거,120,다나와 가격비교,https://prod.danawa.com/bridge/go_link_goods.php?cate_c1=861&cate_c2=881&cate_c3=16098&cate_c4=16125&cmpny_c=TH201&link_prod_c=8950880779&keyword=%EA%B8%B0%EA%B3%84%EC%8B%9D+%ED%82%A4%EB%B3%B4%EB%93%9C&r=17726388393879&cate=112782
디에스큐브 / 디에스큐브 디에스큐브 기계식키보드 키캡 리무버,120,다나와 가격비교,https://prod.danawa.com/bridge/go_link_goods.php?cate_c1=861&cate_c2=881&cate_c3=16098&cate_c4=16125&cmpny_c=TH201&link_prod_c=8950968894&keyword=%EA%B8%B0%EA%B3%84%EC%8B%9D+%ED%82%A4%EB%B3%B4%EB%93%9C&r=17726388392500&cate=112782
몬스타 가츠 밀감 스위치,130,다나와 가격비교,https://prod.danawa.com/info/?pcode=77856476&keyword=%EA%B8%B0%EA%B3%84%EC%8B%9D+%ED%82%A4%EB%B3%B4%EB%93%9C&cate=112782
몬스타 가츠 동백 스위치,150,다나와 가격비교,https://prod.danawa.com/info/?pcode=77856530&keyword=%EA%B8%B0%EA%B3%84%EC%8B%9D+%ED%82%A4%EB%B3%B4%EB%93%9C&cate=112782
[해외] 기계식 키보드 자판 청소 수리 리무버 교체 소품 도구,150,다나와 가격비교,https://prod.danawa.com/bridge/go_link_goods.php?cate_c1=220348&cate_c2=224914&cate_c3=224992&cate_c4=225478&cmpny_c=EE715&link_prod_c=F325134745&keyword=%EA%B8%B0%EA%B3%84%EC%8B%9D+%ED%82%A4%EB%B3%B4%EB%93%9C&r=17726388398096&cate=1922006
기계식 키보드 키캡 분리기 리무버 청소 도구 키캡풀러,160,다나와 가격비교,https://prod.danawa.com/bridge/go_link_goods.php?cate_c1=222154&cate_c2=222190&cate_c3=222262&cate_c4=222895&cmpny_c=TP40F&link_prod_c=I26170890377&keyword=%EA%B8%B0%EA%B3%84%EC%8B%9D+%ED%82%A4%EB%B3%B4%EB%93%9C&r=17726388397164&cate=16249278
오테뮤 저소음 택타일 스위치 크림옐로우 PRO 공장윤활 5pin 기계식 키보드  저소음 크림옐로축,160,다나와 가격비교,https://prod.danawa.com/bridge/go_link_goods.php?cate_c1=861&cate_c2=881&cate_c3=1005&cate_c4=0&cmpny_c=TP40F&link_prod_c=I24719462078&keyword=%EA%B8%B0%EA%B3%84%EC%8B%9D+%ED%82%A4%EB%B3%B4%EB%93%9C&r=17726388398542&cate=112782
시즐스토어 제휴업체 기계식 키보드 키캡 분리기 컴퓨터 교체 청소 핀 집게 핀셋 타자기 도구,170,다나와 가격비교,https://prod.danawa.com/bridge/go_link_goods.php?cate_c1=58751&cate_c2=58760&cate_c3=0&cate_c4=0&cmpny_c=TY312D&link_prod_c=12637809327&keyword=%EA%B8%B0%EA%B3%84%EC%8B%9D+%ED%82%A4%EB%B3%B4%EB%93%9C&r=17726388394225
